<?xml version="1.0" encoding="UTF-8"?>
<!DOCTYPE hibernate-mapping PUBLIC "-//Hibernate/Hibernate Mapping DTD 3.0//EN"
"http://www.hibernate.org/dtd/hibernate-mapping-3.0.dtd">

<hibernate-mapping>
	<class name="com.cluster.Course" table="COURSE">
		<id name="cid" type="int">
			<column name="CID" />
			<generator class="increment" />
		</id>
		<property name="cname" type="string">
			<column name="CNAME" />
		</property>
		<set name="students" table="STUDENTCOURSE" inverse="true" cascade="all">
			<key>
				<column name="CID" />
			</key>
			<many-to-many entity-name="com.cluster.Student">
				<column name="SID" />
			</many-to-many>
		</set>
	</class>
</hibernate-mapping>
