<?xml version="1.0" encoding="UTF-8"?>
<!DOCTYPE hibernate-mapping PUBLIC "-//Hibernate/Hibernate Mapping DTD 3.0//EN"
"http://www.hibernate.org/dtd/hibernate-mapping-3.0.dtd">

<hibernate-mapping>
	<class name="com.cluster.Employee" table="EMPLOYEE">
		<id name="empid" type="integer">
			<column name="EMPID" />
			<generator class="increment" />
		</id>
		<property name="ename" type="string">
			<column name="ENAME" />
		</property>
		<property name="doj" type="date">
			<column name="DOJ" />
		</property>
		<property name="login" type="timestamp">
			<column name="LOGIN" />
		</property>
		<property name="salary" type="double">
			<column name="SALARY" />
		</property>
	</class>
</hibernate-mapping>
