<?xml version="1.0" encoding="UTF-8"?>
<!DOCTYPE hibernate-mapping PUBLIC "-//Hibernate/Hibernate Mapping DTD 3.0//EN"
"http://www.hibernate.org/dtd/hibernate-mapping-3.0.dtd">

<hibernate-mapping>
	<class name="com.cluster.Address" table="ADDRESS">
		<id name="aid" type="int">
			<column name="AID" />
			<generator class="increment" />
		</id>
		<property name="city" type="string">
			<column name="CITY" />
		</property>
		<property name="zipcode" type="string">
			<column name="ZIPCODE" />
		</property>
	</class>
</hibernate-mapping>
