<?xml version="1.0" encoding="UTF-8"?>
<!DOCTYPE hibernate-mapping PUBLIC "-//Hibernate/Hibernate Mapping DTD 3.0//EN"
"http://www.hibernate.org/dtd/hibernate-mapping-3.0.dtd">

<hibernate-mapping>
	<class name="com.cluster.Student" table="STUDENT">
		<id name="sid" type="int">
			<column name="SID" />
			<generator class="increment" />
		</id>
		<property name="sname" type="string">
			<column name="SNAME" />
		</property>
		<many-to-one name="address" class="com.cluster.Address" cascade="all" >
			<column name="AID" />
		</many-to-one>
	</class>
</hibernate-mapping>
