<?xml version="1.0" encoding="UTF-8"?>
<!DOCTYPE hibernate-mapping PUBLIC "-//Hibernate/Hibernate Mapping DTD 3.0//EN"
"http://www.hibernate.org/dtd/hibernate-mapping-3.0.dtd">

<hibernate-mapping>
	<class name="com.cluster.Passport" table="PASSPORT">
		<id name="pid" type="int">
			<column name="PID" />
			<generator class="increment" />
		</id>
		<property name="pnumber" type="string">
			<column name="PNUMBER" />
		</property>

		<one-to-one name="citizen" class="com.cluster.Citizen" cascade="all" />
	</class>
</hibernate-mapping>
