<?xml version="1.0" encoding="UTF-8"?>
<!DOCTYPE hibernate-mapping PUBLIC "-//Hibernate/Hibernate Mapping DTD 3.0//EN"
"http://www.hibernate.org/dtd/hibernate-mapping-3.0.dtd">

<hibernate-mapping>
	<class name="com.cluster.Department" table="DEPARTMENT">
		<cache usage="read-only" />
		<id name="deptid" type="int">
			<column name="DEPTID" />
			<generator class="increment" />
		</id>
		<property name="dname" type="string">
			<column name="DNAME" />
		</property>
		<set name="employees" table="EMPLOYEE" inverse="false" lazy="true">
			<key>
				<column name="DEPTID" />
			</key>
			<one-to-many class="com.cluster.Employee" />
		</set>
	</class>
</hibernate-mapping>
