<?xml version="1.0" encoding="UTF-8"?>
<!DOCTYPE hibernate-mapping PUBLIC "-//Hibernate/Hibernate Mapping DTD 3.0//EN"
"http://www.hibernate.org/dtd/hibernate-mapping-3.0.dtd">

<hibernate-mapping>
	<class name="com.cluster.Employee" table="EMPLOYEE">
		<id name="empid" type="int">
			<column name="EMPID" />
			<generator class="increment" />
		</id>
		<property name="ename" type="string">
			<column name="ENAME" />
		</property>
		<property name="email" type="string">
			<column name="EMAIL" />
		</property>
		<many-to-one name="department" class="com.cluster.Department"
			fetch="join">
			<column name="DEPTID" />
		</many-to-one>
	</class>
</hibernate-mapping>
